{"cameraMode":{"drawMode":0,"name":"Shaded","section":"Shading Mode"},"sceneLighting":true,"audioPlay":false,"sceneViewState":{"showFog":true,"showMaterialUpdate":true,"showSkybox":true,"showFlares":true,"showImageEffects":true,"showParticleSystems":true},"in2DMode":false,"pivot":{"x":-23.182235717773439,"y":-14.559164047241211,"z":14.025384902954102},"rotation":{"x":0.18796394765377046,"y":-0.6922909617424011,"z":0.1945061981678009,"w":0.6690085530281067},"size":24.802562713623048,"orthographic":false}