{"cameraMode":{"drawMode":0,"name":"Shaded","section":"Shading Mode"},"sceneLighting":true,"audioPlay":false,"sceneViewState":{"showFog":true,"showMaterialUpdate":true,"showSkybox":false,"showFlares":true,"showImageEffects":true,"showParticleSystems":true},"in2DMode":false,"pivot":{"x":-20.786785125732423,"y":-19.72473907470703,"z":-1.367391586303711},"rotation":{"x":0.3085470497608185,"y":-0.6391205191612244,"z":0.31230732798576357,"w":0.6315125226974487},"size":25.530288696289064,"orthographic":false}