{"cameraMode":{"drawMode":0,"name":"Shaded","section":"Shading Mode"},"sceneLighting":true,"audioPlay":false,"sceneViewState":{"showFog":true,"showMaterialUpdate":true,"showSkybox":false,"showFlares":true,"showImageEffects":true,"showParticleSystems":true},"in2DMode":false,"pivot":{"x":-16.02330780029297,"y":-3.9048290252685549,"z":15.99264907836914},"rotation":{"x":0.24456818401813508,"y":-0.6515346169471741,"z":0.2348266988992691,"w":0.6786796450614929},"size":20.035261154174806,"orthographic":false}