{"cameraMode":{"drawMode":0,"name":"Shaded","section":"Shading Mode"},"sceneLighting":true,"audioPlay":false,"sceneViewState":{"showFog":true,"showMaterialUpdate":true,"showSkybox":true,"showFlares":true,"showImageEffects":true,"showParticleSystems":true},"in2DMode":false,"pivot":{"x":-31.99561309814453,"y":-24.964237213134767,"z":14.557445526123047},"rotation":{"x":0.23306021094322205,"y":-0.3652758300304413,"z":0.09497471153736115,"w":0.8962494730949402},"size":42.84157943725586,"orthographic":false}