{"cameraMode":{"drawMode":0,"name":"Shaded","section":"Shading Mode"},"sceneLighting":true,"audioPlay":false,"sceneViewState":{"showFog":true,"showMaterialUpdate":true,"showSkybox":true,"showFlares":true,"showImageEffects":true,"showParticleSystems":true},"in2DMode":false,"pivot":{"x":13.909825325012207,"y":10.286663055419922,"z":-11.585174560546875},"rotation":{"x":0.2848757803440094,"y":-0.6475221514701843,"z":0.28520309925079348,"w":0.6467296481132507},"size":10.587702751159668,"orthographic":false}