{"cameraMode":{"drawMode":0,"name":"Shaded","section":"Shading Mode"},"sceneLighting":false,"audioPlay":false,"sceneViewState":{"showFog":true,"showMaterialUpdate":true,"showSkybox":false,"showFlares":true,"showImageEffects":true,"showParticleSystems":true},"in2DMode":false,"pivot":{"x":-5.960464477539063e-8,"y":0.5000002384185791,"z":-2.980232238769531e-7},"rotation":{"x":0.2592451274394989,"y":-0.6607022881507874,"z":0.26190057396888735,"w":0.6539880633354187},"size":0.8660255670547485,"orthographic":false}