{"cameraMode":{"drawMode":0,"name":"Shaded","section":"Shading Mode"},"sceneLighting":true,"audioPlay":false,"sceneViewState":{"showFog":true,"showMaterialUpdate":true,"showSkybox":true,"showFlares":true,"showImageEffects":true,"showParticleSystems":true},"in2DMode":false,"pivot":{"x":-12.966524124145508,"y":-31.545766830444337,"z":12.784392356872559},"rotation":{"x":0.3493548035621643,"y":-0.6137740612030029,"z":0.34768494963645937,"w":0.6167267560958862},"size":28.988956451416017,"orthographic":false}