{"cameraMode":{"drawMode":0,"name":"Shaded","section":"Shading Mode"},"sceneLighting":false,"audioPlay":false,"sceneViewState":{"showFog":true,"showMaterialUpdate":true,"showSkybox":false,"showFlares":true,"showImageEffects":true,"showParticleSystems":true},"in2DMode":false,"pivot":{"x":6.499511241912842,"y":5.0299530029296879,"z":4.443106174468994},"rotation":{"x":0.29534444212913515,"y":-0.4941161274909973,"z":0.18310965597629548,"w":0.7969427108764648},"size":1.2896963357925416,"orthographic":false}