{"cameraMode":{"drawMode":0,"name":"Shaded","section":"Shading Mode"},"sceneLighting":true,"audioPlay":false,"sceneViewState":{"showFog":true,"showMaterialUpdate":true,"showSkybox":true,"showFlares":true,"showImageEffects":true,"showParticleSystems":true},"in2DMode":false,"pivot":{"x":11.683310508728028,"y":2.544304370880127,"z":-16.367815017700197},"rotation":{"x":0.10967917740345001,"y":-0.8869944214820862,"z":0.2732040286064148,"w":0.3559138774871826},"size":4.48696756362915,"orthographic":false}