{"cameraMode":{"drawMode":0,"name":"Shaded","section":"Shading Mode"},"sceneLighting":true,"audioPlay":false,"sceneViewState":{"showFog":true,"showMaterialUpdate":true,"showSkybox":true,"showFlares":true,"showImageEffects":true,"showParticleSystems":true},"in2DMode":false,"pivot":{"x":13.423434257507325,"y":5.437767505645752,"z":-13.288376808166504},"rotation":{"x":0.1538362205028534,"y":-0.6904157400131226,"z":0.15384939312934876,"w":0.6899951100349426},"size":2.869141101837158,"orthographic":false}