{"cameraMode":{"drawMode":0,"name":"Shaded","section":"Shading Mode"},"sceneLighting":false,"audioPlay":false,"sceneViewState":{"showFog":true,"showMaterialUpdate":true,"showSkybox":false,"showFlares":true,"showImageEffects":true,"showParticleSystems":true},"in2DMode":false,"pivot":{"x":-5.960464477539063e-8,"y":0.5499703884124756,"z":-0.10122746229171753},"rotation":{"x":0.14913101494312287,"y":-0.8366801738739014,"z":0.27902382612228396,"w":0.44711849093437197},"size":1.2805553674697877,"orthographic":false}