{"cameraMode":{"drawMode":0,"name":"Shaded","section":"Shading Mode"},"sceneLighting":true,"audioPlay":false,"sceneViewState":{"showFog":true,"showMaterialUpdate":true,"showSkybox":true,"showFlares":true,"showImageEffects":true,"showParticleSystems":true},"in2DMode":false,"pivot":{"x":-4.453620910644531,"y":-4.162755489349365,"z":1.3650574684143067},"rotation":{"x":-0.19660606980323792,"y":0.7859837412834168,"z":-0.31102874875068667,"w":-0.49683326482772829},"size":8.453804016113282,"orthographic":false}