{"cameraMode":{"drawMode":0,"name":"Shaded","section":"Shading Mode"},"sceneLighting":true,"audioPlay":false,"sceneViewState":{"showFog":true,"showMaterialUpdate":true,"showSkybox":true,"showFlares":true,"showImageEffects":true,"showParticleSystems":true},"in2DMode":false,"pivot":{"x":5.728140830993652,"y":5.382009506225586,"z":16.410669326782228},"rotation":{"x":0.101227305829525,"y":0.0014900155365467072,"z":-0.0001569633313920349,"w":0.9948731660842896},"size":8.496451377868653,"orthographic":false}