{"cameraMode":{"drawMode":0,"name":"Shaded","section":"Shading Mode"},"sceneLighting":false,"audioPlay":false,"sceneViewState":{"showFog":true,"showMaterialUpdate":true,"showSkybox":false,"showFlares":true,"showImageEffects":true,"showParticleSystems":true},"in2DMode":false,"pivot":{"x":17.27660369873047,"y":34.56482696533203,"z":4.639881134033203},"rotation":{"x":0.28700292110443118,"y":-0.6496476531028748,"z":0.2908131778240204,"w":0.6411212086677551},"size":1.5402958393096924,"orthographic":false}