{"cameraMode":{"drawMode":0,"name":"Shaded","section":"Shading Mode"},"sceneLighting":true,"audioPlay":false,"sceneViewState":{"showFog":true,"showMaterialUpdate":true,"showSkybox":true,"showFlares":true,"showImageEffects":true,"showParticleSystems":true},"in2DMode":false,"pivot":{"x":9.038954734802246,"y":3.600001335144043,"z":-17.8466796875},"rotation":{"x":0.14913101494312287,"y":-0.8366801738739014,"z":0.27902382612228396,"w":0.44711849093437197},"size":0.8660253882408142,"orthographic":false}