{"cameraMode":{"drawMode":0,"name":"Shaded","section":"Shading Mode"},"sceneLighting":true,"audioPlay":false,"sceneViewState":{"showFog":true,"showMaterialUpdate":true,"showSkybox":true,"showFlares":true,"showImageEffects":true,"showParticleSystems":true},"in2DMode":false,"pivot":{"x":13.669922828674317,"y":5.066368103027344,"z":-14.126572608947754},"rotation":{"x":0.1620161235332489,"y":-0.7310909628868103,"z":0.18610472977161408,"w":0.6361791491508484},"size":9.549824714660645,"orthographic":false}