{"cameraMode":{"drawMode":0,"name":"Shaded","section":"Shading Mode"},"sceneLighting":false,"audioPlay":false,"sceneViewState":{"showFog":true,"showMaterialUpdate":true,"showSkybox":false,"showFlares":true,"showImageEffects":true,"showParticleSystems":true},"in2DMode":false,"pivot":{"x":23.27660369873047,"y":33.902137756347659,"z":4.545690536499023},"rotation":{"x":0.09289776533842087,"y":-0.8720895648002625,"z":0.18203596770763398,"w":0.44474244117736819},"size":0.8660253882408142,"orthographic":false}