{"cameraMode":{"drawMode":0,"name":"Shaded","section":"Shading Mode"},"sceneLighting":false,"audioPlay":false,"sceneViewState":{"showFog":true,"showMaterialUpdate":true,"showSkybox":false,"showFlares":true,"showImageEffects":true,"showParticleSystems":true},"in2DMode":false,"pivot":{"x":20.27660369873047,"y":34.05545425415039,"z":4.310028076171875},"rotation":{"x":0.38192424178123476,"y":-0.5909740328788757,"z":0.37331515550613406,"w":0.6045992970466614},"size":1.3691407442092896,"orthographic":false}