{"cameraMode":{"drawMode":0,"name":"Shaded","section":"Shading Mode"},"sceneLighting":true,"audioPlay":false,"sceneViewState":{"showFog":true,"showMaterialUpdate":true,"showSkybox":true,"showFlares":true,"showImageEffects":true,"showParticleSystems":true},"in2DMode":false,"pivot":{"x":-4.1184844970703129,"y":-1.3591232299804688,"z":-13.921976089477539},"rotation":{"x":0.26657646894454958,"y":-0.6625300049781799,"z":0.2741861045360565,"w":0.6440895795822144},"size":23.730337142944337,"orthographic":false}