{"cameraMode":{"drawMode":0,"name":"Shaded","section":"Shading Mode"},"sceneLighting":false,"audioPlay":false,"sceneViewState":{"showFog":true,"showMaterialUpdate":true,"showSkybox":false,"showFlares":true,"showImageEffects":true,"showParticleSystems":true},"in2DMode":false,"pivot":{"x":-0.14584913849830628,"y":0.29300886392593386,"z":-1.7102535963058472},"rotation":{"x":-0.0018744757398962975,"y":-0.9949920773506165,"z":0.09822510927915573,"w":-0.019113700836896898},"size":2.769109010696411,"orthographic":false}