{"cameraMode":{"drawMode":0,"name":"Shaded","section":"Shading Mode"},"sceneLighting":true,"audioPlay":false,"sceneViewState":{"showFog":true,"showMaterialUpdate":false,"showSkybox":false,"showFlares":true,"showImageEffects":true,"showParticleSystems":true},"in2DMode":false,"pivot":{"x":-11.028970718383789,"y":-1.7500629425048829,"z":24.199535369873048},"rotation":{"x":0.08370735496282578,"y":-0.3295471966266632,"z":0.0293204914778471,"w":0.9399973154067993},"size":18.372224807739259,"orthographic":false}