{"cameraMode":{"drawMode":0,"name":"Shaded","section":"Shading Mode"},"sceneLighting":false,"audioPlay":false,"sceneViewState":{"showFog":true,"showMaterialUpdate":false,"showSkybox":false,"showFlares":true,"showImageEffects":true,"showParticleSystems":true},"in2DMode":false,"pivot":{"x":0.46184876561164858,"y":0.8867778778076172,"z":3.096853494644165},"rotation":{"x":0.16549110412597657,"y":-0.774553120136261,"z":0.22589048743247987,"w":0.567218542098999},"size":1.2893706560134888,"orthographic":false}