{"cameraMode":{"drawMode":0,"name":"Shaded","section":"Shading Mode"},"sceneLighting":true,"audioPlay":false,"sceneViewState":{"showFog":true,"showMaterialUpdate":false,"showSkybox":false,"showFlares":true,"showImageEffects":true,"showParticleSystems":true},"in2DMode":false,"pivot":{"x":26.07148551940918,"y":-11.180009841918946,"z":7.315510272979736},"rotation":{"x":-0.15713293850421906,"y":-0.8158455491065979,"z":0.2607137858867645,"w":-0.49169936776161196},"size":15.500895500183106,"orthographic":false}