{"cameraMode":{"drawMode":0,"name":"Shaded","section":"Shading Mode"},"sceneLighting":true,"audioPlay":false,"sceneViewState":{"showFog":true,"showMaterialUpdate":false,"showSkybox":false,"showFlares":true,"showImageEffects":true,"showParticleSystems":true},"in2DMode":false,"pivot":{"x":-6.303893089294434,"y":-12.044818878173829,"z":16.230224609375},"rotation":{"x":0.27532321214675906,"y":-0.4226689338684082,"z":0.13642138242721559,"w":0.8526542782783508},"size":16.322938919067384,"orthographic":false}