{"cameraMode":{"drawMode":0,"name":"Shaded","section":"Shading Mode"},"sceneLighting":true,"audioPlay":false,"sceneViewState":{"showFog":true,"showMaterialUpdate":false,"showSkybox":false,"showFlares":true,"showImageEffects":true,"showParticleSystems":true},"in2DMode":false,"pivot":{"x":-9.072415351867676,"y":-12.908243179321289,"z":10.146601676940918},"rotation":{"x":0.2687735855579376,"y":-0.5247748494148254,"z":0.179006427526474,"w":0.7876616716384888},"size":16.322938919067384,"orthographic":false}