{"cameraMode":{"drawMode":0,"name":"Shaded","section":"Shading Mode"},"sceneLighting":false,"audioPlay":false,"sceneViewState":{"showFog":true,"showMaterialUpdate":false,"showSkybox":false,"showFlares":true,"showImageEffects":true,"showParticleSystems":true},"in2DMode":false,"pivot":{"x":-0.000488579273223877,"y":0.7139732837677002,"z":0.0031061768531799318},"rotation":{"x":-0.15713293850421906,"y":-0.8158455491065979,"z":0.2607137858867645,"w":-0.49169936776161196},"size":1.2691092491149903,"orthographic":false}