{"cameraMode":{"drawMode":0,"name":"Shaded","section":"Shading Mode"},"sceneLighting":true,"audioPlay":false,"sceneViewState":{"showFog":true,"showMaterialUpdate":false,"showSkybox":false,"showFlares":true,"showImageEffects":true,"showParticleSystems":true},"in2DMode":false,"pivot":{"x":-10.764182090759278,"y":-6.742340087890625,"z":-14.452588081359864},"rotation":{"x":0.07778178155422211,"y":-0.9109949469566345,"z":0.2016119360923767,"w":0.35135120153427126},"size":14.27326488494873,"orthographic":false}