{"cameraMode":{"drawMode":0,"name":"Shaded","section":"Shading Mode"},"sceneLighting":true,"audioPlay":false,"sceneViewState":{"showFog":true,"showMaterialUpdate":false,"showSkybox":false,"showFlares":true,"showImageEffects":true,"showParticleSystems":true},"in2DMode":false,"pivot":{"x":25.759262084960939,"y":-1.7607200145721436,"z":-0.5138745903968811},"rotation":{"x":-0.0413656160235405,"y":-0.9164469242095947,"z":0.09825485199689865,"w":-0.385731965303421},"size":15.500895500183106,"orthographic":false}